[
  {
    "Date": "2025-12-01",
    "Category": "Gas",
    "Type": "expense",
    "Amount": 100,
    "Interest_Rate": null,
    "Excluded": null,
    "Loan_Balance": null,
    "type": "expense",
    "amount": 0,
    "excluded": null,
    "interest_rate": null,
    "loan_balance": null,
    "date": "N/A",
    "category": null,
    "description": null
  },
  {
    "Date": "2025-12-01",
    "Category": "Food",
    "Type": "expense",
    "Amount": 200,
    "Interest_Rate": 10,
    "Excluded": null,
    "Loan_Balance": 1000,
    "type": "expense",
    "amount": 0,
    "excluded": null,
    "interest_rate": null,
    "loan_balance": null,
    "date": "N/A",
    "category": null,
    "description": null
  },
  {
    "Date": "2025-12-01",
    "Category": "Rent",
    "Type": "expense",
    "Amount": 500,
    "Interest_Rate": null,
    "Excluded": null,
    "Loan_Balance": null,
    "type": "expense",
    "amount": 0,
    "excluded": null,
    "interest_rate": null,
    "loan_balance": null,
    "date": "N/A",
    "category": null,
    "description": null
  },
  {
    "Date": "2025-12-01",
    "Category": "Income",
    "Type": "income",
    "Amount": 1000,
    "Interest_Rate": null,
    "Excluded": null,
    "Loan_Balance": null,
    "type": "expense",
    "amount": 0,
    "excluded": null,
    "interest_rate": null,
    "loan_balance": null,
    "date": "N/A",
    "category": null,
    "description": null
  },
  {
    "Date": "2025-12-01",
    "Category": "Part Time",
    "Type": "income",
    "Amount": 25,
    "Interest_Rate": null,
    "Excluded": null,
    "Loan_Balance": null,
    "type": "expense",
    "amount": 0,
    "excluded": null,
    "interest_rate": null,
    "loan_balance": null,
    "date": "N/A",
    "category": null,
    "description": null
  }
]