[
  {
    "date": "N/A",
    "category": "Gas",
    "type": "expense",
    "amount": 100.0,
    "description": "",
    "interest_rate": null,
    "excluded": false,
    "loan_balance": 0
  },
  {
    "date": "N/A",
    "category": "Visa",
    "type": "expense",
    "amount": 200.0,
    "description": "",
    "interest_rate": 18.0,
    "excluded": false,
    "loan_balance": 800.0
  },
  {
    "date": "N/A",
    "category": "Rent",
    "type": "expense",
    "amount": 500.0,
    "description": "",
    "interest_rate": null,
    "excluded": false,
    "loan_balance": 0
  },
  {
    "date": "N/A",
    "category": "Student Loan",
    "type": "expense",
    "amount": 127.0,
    "description": "",
    "interest_rate": null,
    "excluded": false,
    "loan_balance": 0
  },
  {
    "date": "2025-12-22",
    "category": "Remote work",
    "type": "income",
    "amount": 2200.0,
    "description": "job",
    "interest_rate": null,
    "excluded": false,
    "loan_balance": 0
  },
  {
    "date": "2025-12-22",
    "category": "Walking dogs",
    "type": "income",
    "amount": 120.0,
    "description": "dogs",
    "interest_rate": null,
    "excluded": false,
    "loan_balance": 0
  },
  {
    "date": "2025-12-22",
    "category": "Cloths",
    "type": "expense",
    "amount": 31.0,
    "description": "",
    "interest_rate": 0.0,
    "excluded": false,
    "loan_balance": 0.0
  }
]