[
  {
    "date": "N/A",
    "category": "Main Job",
    "type": "income",
    "amount": 1700.0,
    "description": "",
    "interest_rate": null,
    "excluded": false,
    "loan_balance": 0
  },
  {
    "date": "28th",
    "category": "Side Job 1",
    "type": "income",
    "amount": 500.0,
    "description": "",
    "interest_rate": null,
    "excluded": false,
    "loan_balance": 0
  },
  {
    "date": "28th",
    "category": "Side Job 2",
    "type": "income",
    "amount": 100.0,
    "description": "",
    "interest_rate": null,
    "excluded": false,
    "loan_balance": 0
  },
  {
    "date": "N/A",
    "category": "BOA Mortgage",
    "type": "expense",
    "amount": 498,
    "description": "",
    "interest_rate": 4.7,
    "excluded": false,
    "loan_balance": 79782
  },
  {
    "date": "15th",
    "category": "Xfinity",
    "type": "expense",
    "amount": 115,
    "description": "",
    "interest_rate": null,
    "excluded": false,
    "loan_balance": 0
  },
  {
    "date": "15th",
    "category": "T-Mobile",
    "type": "expense",
    "amount": 195,
    "description": "",
    "interest_rate": null,
    "excluded": false,
    "loan_balance": 0
  },
  {
    "date": "N/A",
    "category": "Car and Home Insurance",
    "type": "expense",
    "amount": 585,
    "description": "",
    "interest_rate": null,
    "excluded": false,
    "loan_balance": 0
  },
  {
    "date": "N/A",
    "category": "Food",
    "type": "expense",
    "amount": 200,
    "description": "",
    "interest_rate": null,
    "excluded": false,
    "loan_balance": 555
  },
  {
    "date": "N/A",
    "category": "Electric",
    "type": "expense",
    "amount": 150,
    "description": "",
    "interest_rate": null,
    "excluded": false,
    "loan_balance": 0
  },
  {
    "date": "N/A",
    "category": "Gas",
    "type": "expense",
    "amount": 125,
    "description": "",
    "interest_rate": null,
    "excluded": false,
    "loan_balance": 0
  },
  {
    "date": "Discover",
    "category": "Discover",
    "type": "expense",
    "amount": 450.0,
    "description": "",
    "interest_rate": 17.0,
    "excluded": false,
    "loan_balance": 17500.0
  },
  {
    "date": "City Card",
    "category": "City Card",
    "type": "expense",
    "amount": 100,
    "description": "",
    "interest_rate": 2.5,
    "excluded": false,
    "loan_balance": 2500
  },
  {
    "date": "N/A",
    "category": "Blue Cross Blue Shield",
    "type": "expense",
    "amount": 167.67,
    "description": "",
    "interest_rate": null,
    "excluded": false,
    "loan_balance": 0
  },
  {
    "date": "N/A",
    "category": "School Loans",
    "type": "expense",
    "amount": 681.73,
    "description": "",
    "interest_rate": 6.8,
    "excluded": false,
    "loan_balance": 100000
  },
  {
    "date": "Explorer Loan Paymant",
    "category": "Explorer Loan Paymant",
    "type": "expense",
    "amount": 340.0,
    "description": "",
    "interest_rate": 13.5,
    "excluded": false,
    "loan_balance": 12500.0
  },
  {
    "date": "N/A",
    "category": "Home improvement",
    "type": "expense",
    "amount": 25,
    "description": "",
    "interest_rate": null,
    "excluded": false,
    "loan_balance": 0
  },
  {
    "date": "N/A",
    "category": "Property Taxes",
    "type": "expense",
    "amount": 275,
    "description": "",
    "interest_rate": null,
    "excluded": false,
    "loan_balance": 0
  },
  {
    "date": "2025-07-14",
    "category": "For Cash",
    "type": "income",
    "amount": 600.0,
    "description": "",
    "interest_rate": null,
    "excluded": false,
    "loan_balance": 0
  },
  {
    "date": "2025-08-10",
    "category": "cloths",
    "type": "expense",
    "amount": 22.0,
    "description": "",
    "interest_rate": null,
    "excluded": false,
    "loan_balance": 0
  },
  {
    "date": "N/A",
    "category": "Genisis Equity Loan",
    "type": "expense",
    "amount": 288,
    "description": "",
    "interest_rate": 7.5,
    "excluded": false,
    "loan_balance": 28000
  },
  {
    "date": "2025-12-05",
    "category": "TV Foc News",
    "type": "expense",
    "amount": 35.0,
    "description": "",
    "interest_rate": null,
    "excluded": false,
    "loan_balance": 0
  },
  {
    "date": "2025-12-19",
    "category": "McDonalds",
    "type": "expense",
    "amount": 35.0,
    "description": "",
    "interest_rate": null,
    "excluded": false,
    "loan_balance": 0
  },
  {
    "date": "2025-12-28",
    "category": "SS Retirement",
    "type": "income",
    "amount": 2000.0,
    "description": "",
    "interest_rate": 0.0,
    "excluded": false,
    "loan_balance": 0.0
  }
]