{
  "1920x1080": {
    "income_frame": {
      "x": 16.0,
      "y": 90.0,
      "width": 432,
      "height": 274
    },
    "combined_frame": {
      "x": 47.0,
      "y": 597.0,
      "width": 300,
      "height": 300
    },
    "income_pie_frame": {
      "x": 414.0,
      "y": 582.0,
      "width": 520,
      "height": 320
    },
    "expense_pie_frame": {
      "x": 964.0,
      "y": 72.0,
      "width": 473,
      "height": 652
    },
    "expense_frame": {
      "x": 1387.0,
      "y": 18.0,
      "width": 0,
      "height": 0
    },
    "button_frame_edittor": {
      "x": 550.0,
      "y": 10.0,
      "width": 600,
      "height": 60
    },
    "table_container": {
      "x": 520.0,
      "y": 61.0,
      "width": 440,
      "height": 500
    }
  }
}