{
  "income_frame": {
    "x": 300.0,
    "y": 100.0,
    "width": 432,
    "height": 274
  },
  "top_info_frame": {
    "x": 12.0,
    "y": 7.0,
    "width": 0,
    "height": 0
  },
  "combined_frame": {
    "x": 1017.0,
    "y": 583.0,
    "width": 300,
    "height": 300
  },
  "income_pie_frame": {
    "x": 300.0,
    "y": 400.0,
    "width": 520,
    "height": 320
  },
  "expense_pie_frame": {
    "x": 1001.0,
    "y": 56.0,
    "width": 1200,
    "height": 175
  },
  "interest_summary": {
    "x": 20.0,
    "y": 390.0,
    "width": 400,
    "height": 200
  },
  "expense_frame": {
    "x": 50.0,
    "y": 50.0,
    "width": 0,
    "height": 0
  },
  "button_frame_edittor": {
    "x": 450.0,
    "y": 10.0,
    "width": 600,
    "height": 30
  },
  "table_container": {
    "x": 50.0,
    "y": 50.0,
    "width": 440,
    "height": 500
  }
}