{
  "income_frame": {
    "x": 7.0,
    "y": 87.0,
    "width": 473,
    "height": 274
  },
  "combined_frame": {
    "x": 35.0,
    "y": 468.0,
    "width": 407,
    "height": 418
  },
  "income_pie_frame": {
    "x": 1037.0,
    "y": 43.0,
    "width": 323,
    "height": 322
  },
  "expense_pie_frame": {
    "x": 967.0,
    "y": 382.0,
    "width": 383,
    "height": 508
  },
  "expense_frame": {
    "x": 1372.0,
    "y": 10.0,
    "width": 516,
    "height": 805
  },
  "button_frame_edittor": {
    "x": 465.0,
    "y": 9.0,
    "width": 600,
    "height": 60
  },
  "table_container": {
    "x": 489.0,
    "y": 49.0,
    "width": 471,
    "height": 778
  },
  "monthly_interest": {
    "x": 1121,
    "y": 753,
    "width": 696,
    "height": 180
  }
}