[
  {
    "date": "N/A",
    "category": "Gas",
    "type": "expense",
    "amount": 100,
    "description": "",
    "interest_rate": null,
    "excluded": false,
    "loan_balance": 0
  },
  {
    "date": "N/A",
    "category": "Food",
    "type": "expense",
    "amount": 400.0,
    "description": "",
    "interest_rate": null,
    "excluded": false,
    "loan_balance": 0
  },
  {
    "date": "N/A",
    "category": "Rent",
    "type": "expense",
    "amount": 1820.0,
    "description": "",
    "interest_rate": null,
    "excluded": false,
    "loan_balance": 0
  },
  {
    "date": "N/A",
    "category": "Internet",
    "type": "expense",
    "amount": 200.0,
    "description": "",
    "interest_rate": null,
    "excluded": false,
    "loan_balance": 0
  },
  {
    "date": "N/A",
    "category": "Part Time",
    "type": "expense",
    "amount": 26.0,
    "description": "",
    "interest_rate": 0.0,
    "excluded": false,
    "loan_balance": 0.0
  },
  {
    "date": "2025-12-22",
    "category": "Conecsis Ford",
    "type": "income",
    "amount": 2000.0,
    "description": "job",
    "interest_rate": null,
    "excluded": false,
    "loan_balance": 0
  },
  {
    "date": "2025-12-22",
    "category": "job",
    "type": "income",
    "amount": 1000.0,
    "description": "tiler",
    "interest_rate": null,
    "excluded": false,
    "loan_balance": 0
  }
]