{
  "income_frame": {
    "x": 7.0,
    "y": 59.0,
    "width": 378,
    "height": 231
  },
  "top_info_frame": {
    "x": 12.0,
    "y": 7.0,
    "width": 0,
    "height": 0
  },
  "combined_frame": {
    "x": 1109.0,
    "y": 361.0,
    "width": 566,
    "height": 573
  },
  "income_pie_frame": {
    "x": 34.0,
    "y": 598.0,
    "width": 426,
    "height": 503
  },
  "expense_pie_frame": {
    "x": 1702.0,
    "y": 46.0,
    "width": 653,
    "height": 1093
  },
  "expense_frame": {
    "x": 1167.0,
    "y": 22.0,
    "width": 0,
    "height": 0
  },
  "table_container": {
    "x": 502.0,
    "y": 60.0,
    "width": 572,
    "height": 748
  }
}