{
  "income_frame": {
    "x": 58.0,
    "y": 57.0,
    "width": 295,
    "height": 127
  },
  "top_info_frame": {
    "x": 50.0,
    "y": 10.0,
    "width": 0,
    "height": 0
  },
  "combined_frame": {
    "x": 36.0,
    "y": 553.0,
    "width": 300,
    "height": 300
  },
  "income_pie_frame": {
    "x": 387.0,
    "y": 555.0,
    "width": 520,
    "height": 320
  },
  "expense_pie_frame": {
    "x": 1047.0,
    "y": 74.0,
    "width": 309,
    "height": 797
  },
  "interest_summary": {
    "x": 36.0,
    "y": 199.0,
    "width": 400,
    "height": 200
  },
  "expense_frame": {
    "x": 1386.0,
    "y": 12.0,
    "width": 506,
    "height": 519
  },
  "button_frame_edittor": {
    "x": 561.0,
    "y": 10.0,
    "width": 600,
    "height": 30
  },
  "table_container": {
    "x": 564.0,
    "y": 46.0,
    "width": 440,
    "height": 500
  }
}