{
  "income_frame": {
    "x": 7.0,
    "y": 59.0,
    "width": 378,
    "height": 231
  },
  "top_info_frame": {
    "x": 12.0,
    "y": 7.0,
    "width": 0,
    "height": 0
  },
  "combined_frame": {
    "x": 1076.0,
    "y": 883.0,
    "width": 566,
    "height": 573
  },
  "income_pie_frame": {
    "x": 94.0,
    "y": 780.0,
    "width": 881,
    "height": 673
  },
  "expense_pie_frame": {
    "x": 1737.0,
    "y": 36.0,
    "width": 1365,
    "height": 1479
  },
  "interest_summary": {
    "x": 13.0,
    "y": 312.0,
    "width": 400,
    "height": 200
  },
  "expense_frame": {
    "x": 1167.0,
    "y": 22.0,
    "width": 0,
    "height": 0
  },
  "button_frame_edittor": {
    "x": 558.0,
    "y": 8.0,
    "width": 600,
    "height": 30
  },
  "table_container": {
    "x": 531.0,
    "y": 67.0,
    "width": 556,
    "height": 620
  }
}