{
  "income_frame": {
    "x": 16.0,
    "y": 58.0,
    "width": 392,
    "height": 274
  },
  "top_info_frame": {
    "x": 12.0,
    "y": 7.0,
    "width": 539,
    "height": 34
  },
  "combined_frame": {
    "x": 1017.0,
    "y": 583.0,
    "width": 300,
    "height": 300
  },
  "income_pie_frame": {
    "x": 6.0,
    "y": 553.0,
    "width": 520,
    "height": 320
  },
  "expense_pie_frame": {
    "x": 1001.0,
    "y": 56.0,
    "width": 389,
    "height": 515
  },
  "interest_summary": {
    "x": 16.0,
    "y": 343.0,
    "width": 400,
    "height": 200
  },
  "expense_frame": {
    "x": 1406.0,
    "y": 17.0,
    "width": 482,
    "height": 788
  },
  "button_frame_edittor": {
    "x": 558.0,
    "y": 8.0,
    "width": 600,
    "height": 30
  },
  "table_container": {
    "x": 422.0,
    "y": 53.0,
    "width": 565,
    "height": 664
  }
}