{
  "income_frame": {
    "x": 29.0,
    "y": 55.0,
    "width": 432,
    "height": 166
  },
  "top_info_frame": {
    "x": 50.0,
    "y": 10.0,
    "width": 0,
    "height": 0
  },
  "combined_frame": {
    "x": 15.0,
    "y": 485.0,
    "width": 300,
    "height": 300
  },
  "income_pie_frame": {
    "x": 380.0,
    "y": 561.0,
    "width": 520,
    "height": 320
  },
  "expense_pie_frame": {
    "x": 956.0,
    "y": 137.0,
    "width": 378,
    "height": 738
  },
  "expense_frame": {
    "x": 1368.0,
    "y": 20.0,
    "width": 0,
    "height": 0
  },
  "table_container": {
    "x": 497.0,
    "y": 48.0,
    "width": 440,
    "height": 500
  }
}