{
  "income_frame": {
    "x": 7.0,
    "y": 87.0,
    "width": 473,
    "height": 274
  },
  "top_info_frame": {
    "x": 50.0,
    "y": 10.0,
    "width": 0,
    "height": 0
  },
  "combined_frame": {
    "x": 35.0,
    "y": 468.0,
    "width": 407,
    "height": 418
  },
  "income_pie_frame": {
    "x": 1050.0,
    "y": 24.0,
    "width": 323,
    "height": 322
  },
  "expense_pie_frame": {
    "x": 1589.0,
    "y": 285.0,
    "width": 636,
    "height": 849
  },
  "expense_frame": {
    "x": 1372.0,
    "y": 10.0,
    "width": 516,
    "height": 805
  },
  "table_container": {
    "x": 489.0,
    "y": 49.0,
    "width": 558,
    "height": 733
  }
}