{
  "income_frame": {
    "x": 16.0,
    "y": 61.0,
    "width": 432,
    "height": 166
  },
  "top_info_frame": {
    "x": 8.0,
    "y": 9.0,
    "width": 0,
    "height": 0
  },
  "combined_frame": {
    "x": 15.0,
    "y": 485.0,
    "width": 433,
    "height": 396
  },
  "income_pie_frame": {
    "x": 925.0,
    "y": 63.0,
    "width": 405,
    "height": 305
  },
  "expense_pie_frame": {
    "x": 966.0,
    "y": 385.0,
    "width": 368,
    "height": 490
  },
  "expense_frame": {
    "x": 1371.0,
    "y": 18.0,
    "width": 513,
    "height": 749
  },
  "table_container": {
    "x": 464.0,
    "y": 54.0,
    "width": 440,
    "height": 500
  },
  "Parent": {
    "monthly_interest": {
      "x": 430,
      "y": 644,
      "width": 580,
      "height": 274
    }
  }
}