{
  "income_frame": {
    "x": 15.0,
    "y": 93.0,
    "width": 414,
    "height": 211
  },
  "combined_frame": {
    "x": 29.0,
    "y": 528.0,
    "width": 372,
    "height": 334
  },
  "income_pie_frame": {
    "x": 903.0,
    "y": 139.0,
    "width": 450,
    "height": 268
  },
  "expense_pie_frame": {
    "x": 1007.0,
    "y": 511.0,
    "width": 405,
    "height": 357
  },
  "expense_frame": {
    "x": 1386.0,
    "y": 20.0,
    "width": 0,
    "height": 0
  },
  "button_frame_edittor": {
    "x": 550.0,
    "y": 10.0,
    "width": 600,
    "height": 60
  },
  "table_container": {
    "x": 443.0,
    "y": 57.0,
    "width": 440,
    "height": 500
  },
  "monthly_interest": {
    "x": 378,
    "y": 645,
    "width": 634,
    "height": 286
  },
  "Parent": {
    "monthly_interest": {
      "x": 1388,
      "y": 643,
      "width": 483,
      "height": 300
    }
  }
}